feature,domain,comparison,n_human,n_ai,mean_human,std_human,mean_ai,std_ai,var_ratio,cv_human,cv_ai,cv_ratio,dispersion_direction_unstable,disp_statistic,p_disp,p_disp_fdr,disp_significant,loc_statistic,p_loc,p_loc_fdr,loc_significant,pure_regularisation
Sentence type: SIMPLE,essay,human_vs_gpt,987,998,0.39316639283227095,0.1525917588113861,0.5457164670988165,0.14881967471980942,1.0513358061775546,0.3881098730543925,0.27270512013496134,1.4231851344130155,False,0.11848025560324323,0.7307251521502107,0.7971547114365936,False,232754.0,5.028979345788149e-92,2.0115917383152596e-91,True,False
Sentence type: COMPLEX,essay,human_vs_gpt,987,998,0.4501753753706886,0.1601966454845263,0.3202751343002553,0.14057071733035578,1.2987247390639542,0.35585386107051137,0.438906122504571,0.81077442948362,True,11.213635971962825,0.00082718036302443,0.0015271022086604863,True,721674.5,4.873085534306535e-72,1.5593873709780914e-71,True,False
Sentence type: COMPOUND,essay,human_vs_gpt,987,998,0.07232347684928274,0.06846818601080477,0.06353405094547261,0.06868349264919273,0.9937402958937321,0.9466937845575077,1.0810501082032304,0.8757168399261058,False,7.582796197393487e-05,0.9930530446149557,0.999126329523913,False,542362.0,7.865423588534352e-05,0.00010487231451379136,True,False
Sentence type: COMPLEX-COMPOUND,essay,human_vs_gpt,987,998,0.05534948164573857,0.062074620459109796,0.02703585598134276,0.03737298579759996,2.7587513203076655,1.1215031941295335,1.3823489007853413,0.811302554291745,True,112.03811096415029,1.6558543995173183e-25,1.3246835196138547e-24,True,631774.0,5.0616488629922836e-30,1.0123297725984567e-29,True,False
Sentence type: OTHER,essay,human_vs_gpt,987,998,0.02898527330201909,0.06139528799574544,0.04343849167411287,0.09242711779594526,0.4412363272908404,2.118154531648618,2.12776996239552,0.9954809820061205,False,16.80270831718226,4.31463071015445e-05,0.0001035511370437068,True,485132.0,0.47928565483640895,0.5112380318255029,False,True
Sentence structure: LOOSE,essay,human_vs_gpt,987,998,0.4992401892884548,0.14616199100986685,0.4813652549839312,0.1337149392230693,1.1948380326670172,0.292768879881616,0.27778269793804067,1.053949299415754,False,7.210974577111722,0.007306295757411862,0.011312974075992561,True,520896.0,0.026203970216704918,0.02994739453337705,True,False
Sentence structure: PERIODIC,essay,human_vs_gpt,987,998,0.24925668141491186,0.13097134839717137,0.24995905170517257,0.12882130987712676,1.0336587274911946,0.5254476937336612,0.5153696535425805,1.0195549740303986,False,1.1992918292789375e-06,0.999126329523913,0.999126329523913,False,492059.5,0.9716956080831612,0.9716956080831612,False,False
Sentence structure: OTHER,essay,human_vs_gpt,987,998,0.25150312929663327,0.13957033852527978,0.2686756933108962,0.1312799714590688,1.1302885196486094,0.5549447393183912,0.4886187129222706,1.1357418875741496,False,1.8523582261632905,0.17366401208127252,0.23155201610836337,False,451505.0,0.0013183168888635576,0.0016225438632166862,True,False
Sentence type: SIMPLE,essay,human_vs_claude,987,1000,0.39316639283227095,0.1525917588113861,0.48376901092876967,0.15711661760569723,0.9432306737171637,0.3881098730543925,0.324776110201964,1.1950074554838532,True,2.5551585672665356,0.11009393604894971,0.15542673324557604,False,330254.0,2.487493487103789e-37,5.427258517317358e-37,True,False
Sentence type: COMPLEX,essay,human_vs_claude,987,1000,0.4501753753706886,0.1601966454845263,0.41685013802472765,0.1529339655108035,1.0972331898550334,0.35585386107051137,0.3668799685073666,0.9699462811182785,True,0.3540143670999831,0.5519172614001068,0.6307625844572649,False,552945.0,3.3298863213542054e-06,4.70101598308829e-06,True,False
Sentence type: COMPOUND,essay,human_vs_claude,987,1000,0.07232347684928274,0.06846818601080477,0.052092140417833346,0.058672001893489256,1.3618078411315682,0.9466937845575077,1.126311981478944,0.8405253607569884,True,10.160179353967251,0.0014573981438148937,0.002498396817968389,True,588677.5,3.7513986444370685e-14,6.00223783109931e-14,True,False
Sentence type: COMPLEX-COMPOUND,essay,human_vs_claude,987,1000,0.05534948164573857,0.062074620459109796,0.035565796034442695,0.04876953582513972,1.620059262228228,1.1215031941295335,1.371248257115073,0.8178702786386978,True,26.785324860357584,2.5030567031268326e-07,8.009781450005864e-07,True,596923.0,3.063234284832451e-17,5.251258773998487e-17,True,False
Sentence type: OTHER,essay,human_vs_claude,987,1000,0.02898527330201909,0.06139528799574544,0.011722914594226643,0.03745376737624889,2.6870705199020906,2.118154531648618,3.1949194097766695,0.6629758876442773,True,57.40906472069419,5.39486564423169e-14,1.9919503917163164e-13,True,576733.5,1.8647568526986957e-18,3.31512329368657e-18,True,False
Sentence structure: LOOSE,essay,human_vs_claude,987,1000,0.4992401892884548,0.14616199100986685,0.5068846492113828,0.13524176185704942,1.1680118821523071,0.292768879881616,0.26680974077131786,1.0972945704128083,False,5.487026117784574,0.01925643626250985,0.028884654393764773,True,474876.0,0.1452023892062196,0.16208638795112887,False,True
Sentence structure: PERIODIC,essay,human_vs_claude,987,1000,0.24925668141491186,0.13097134839717137,0.22153693601734287,0.1187326109528948,1.2167813968798196,0.5254476937336612,0.5359495038949166,0.9804052245875118,True,7.584110856488268,0.0059421804671526066,0.00950748874744417,True,552242.0,4.344273406856705e-06,5.957860672260624e-06,True,False
Sentence structure: OTHER,essay,human_vs_claude,987,1000,0.25150312929663327,0.13957033852527978,0.2715784147712743,0.13375550875702238,1.0888370958979472,0.5549447393183912,0.49251156013143543,1.1267649010518541,False,1.0479134034416866,0.30611287320597896,0.3767543054842818,False,447685.0,0.000339447107926629,0.00044036381568859977,True,False
Sentence type: SIMPLE,reuter,human_vs_gpt,992,999,0.2763703902351015,0.1345531617735921,0.39854031567551024,0.1531504302168789,0.7718828159819155,0.48685809525083723,0.3842783883916359,1.266941129030284,True,17.490730193115454,3.0125284664997192e-05,7.610598231157185e-05,True,268821.0,6.424164738430087e-70,1.9272494215290262e-69,True,False
Sentence type: COMPLEX,reuter,human_vs_gpt,992,999,0.4050473919409369,0.14455495704464316,0.45643376842816713,0.1472415325820414,0.9638408293844904,0.35688405831217357,0.3225912339682949,1.106304265996419,True,0.003361962270159779,0.9537684475235133,0.9952366408941008,False,394578.5,3.544216376424719e-15,5.866289174771949e-15,True,False
Sentence type: COMPOUND,reuter,human_vs_gpt,992,999,0.14590340689869755,0.1019678011299949,0.06376460371460003,0.06399886904461992,2.538525377632501,0.6988719680877112,1.0036739086636282,0.6963137748775848,True,140.68427742961362,2.1007420176489155e-31,2.016712336942959e-30,True,752650.5,3.385957111536585e-90,1.2501995488750468e-89,True,False
Sentence type: COMPLEX-COMPOUND,reuter,human_vs_gpt,992,999,0.15781530414102765,0.0949788776765146,0.06331552055628432,0.0654373164564816,2.106701987873047,0.6018356596875999,1.0335114657757745,0.5823212219864924,True,110.71461586208291,3.101798839315661e-25,2.126947775530739e-24,True,798366.0,3.857687991774383e-124,2.645271765788148e-123,True,False
Sentence type: OTHER,reuter,human_vs_gpt,992,999,0.014863506784236253,0.03335564474182492,0.017945791625438284,0.06067659786860583,0.3022012354534693,2.244130219471546,3.381104558385507,0.6637269509769697,False,1.9689860150245344,0.1607116173721264,0.22040450382463048,False,484165.0,0.24979538856086914,0.2725040602482209,False,False
Sentence structure: LOOSE,reuter,human_vs_gpt,992,999,0.43939170772303177,0.13949369089963728,0.580124396583542,0.1366933009479626,1.0413930347479388,0.31747001240079475,0.23562756841976357,1.3473381511760596,False,1.7996771138909804,0.17990467905732052,0.23338985391219957,False,228839.0,4.816292565326928e-96,2.3118204313569255e-95,True,False
Sentence structure: PERIODIC,reuter,human_vs_gpt,992,999,0.374845578379662,0.143122510556693,0.23335827271060341,0.11893940515954007,1.4479860141254561,0.3818172570565352,0.5096858310527581,0.7491227611093095,True,30.05057599338259,4.744817771696629e-08,1.6267946645817012e-07,True,769836.0,1.600988009586251e-101,8.538602717793338e-101,True,False
Sentence structure: OTHER,reuter,human_vs_gpt,992,999,0.1857627138973062,0.11279348219921594,0.1865173307058546,0.11127034416507714,1.0275646288049876,0.607191184026148,0.5965683925669888,1.0178064939267906,False,1.5833117184528156,0.2084319959912267,0.26328252125207585,False,492840.5,0.8354902251085667,0.8532666128768341,False,False
Sentence type: SIMPLE,reuter,human_vs_claude,992,1002,0.2763703902351015,0.1345531617735921,0.46162754396496797,0.1491147481909839,0.8142290928422994,0.48685809525083723,0.3230196077777801,1.5072091090698403,True,14.846491568013048,0.00012031586940837024,0.00027500770150484626,True,176999.5,8.364924502805665e-137,8.030327522693439e-136,True,False
Sentence type: COMPLEX,reuter,human_vs_claude,992,1002,0.4050473919409369,0.14455495704464316,0.3834816779529284,0.14348247840002248,1.0150051330019434,0.35688405831217357,0.3741573239325261,0.9538342175456987,True,0.16470728641818133,0.6849026850867566,0.7645425321898678,False,542225.5,0.0004325692914843822,0.0005464033155592197,True,False
Sentence type: COMPOUND,reuter,human_vs_claude,992,1002,0.14590340689869755,0.1019678011299949,0.08184139751879646,0.0685954429498331,2.209711513341218,0.6988719680877112,0.8381509239755934,0.8338259233465476,True,97.6231871536479,1.6505639609005991e-22,9.903383765403596e-22,True,690671.0,1.5532028962881545e-51,3.923881001149022e-51,True,False
Sentence type: COMPLEX-COMPOUND,reuter,human_vs_claude,992,1002,0.15781530414102765,0.0949788776765146,0.053919229576372775,0.05636713927361151,2.8392398271265282,0.6018356596875999,1.0453995673987042,0.5756991665733742,True,181.91498655196554,9.708794471781187e-40,1.55340711548499e-38,True,827511.5,1.5285958054496817e-147,1.8343149665396182e-146,True,False
Sentence type: OTHER,reuter,human_vs_claude,992,1002,0.014863506784236253,0.03335564474182492,0.01913015098693427,0.05078739012116378,0.4313471052931544,2.244130219471546,2.6548347765708247,0.8452993908608603,False,4.906084690613328,0.02687499936840571,0.039090908172226484,True,473604.5,0.018201944066924,0.021842332880308797,True,False
Sentence structure: LOOSE,reuter,human_vs_claude,992,1002,0.43939170772303177,0.13949369089963728,0.529078265715027,0.13931640916457566,1.0025466423180176,0.31747001240079475,0.2633190932088193,1.2056475226771053,False,0.020336952139467727,0.8866144491543498,0.9457220790979731,False,320563.5,6.870225846394611e-43,1.6488542031347067e-42,True,False
Sentence structure: PERIODIC,reuter,human_vs_claude,992,1002,0.374845578379662,0.143122510556693,0.2179228802504494,0.10636772558045264,1.810490062817384,0.3818172570565352,0.48809801640933154,0.7822552934456783,True,77.70249149575135,2.5553394540229475e-18,1.1150572163009226e-17,True,807052.5,1.405579550179043e-128,1.1244636401432344e-127,True,False
Sentence structure: OTHER,reuter,human_vs_claude,992,1002,0.1857627138973062,0.11279348219921594,0.25299885403452355,0.12913233232446122,0.7629534108010619,0.607191184026148,0.5104067874822871,1.189622079716602,True,11.281693772368738,0.0007974988440117897,0.0015271022086604863,True,342882.5,3.989382170439173e-33,8.325667138307839e-33,True,False
Sentence type: SIMPLE,wp,human_vs_gpt,987,997,0.40482337754058095,0.13773780951049647,0.40793321319665915,0.11776524397502043,1.3679558205741686,0.3402417378840458,0.28868756003509666,1.1785812240842022,False,23.736481446317875,1.192347732052754e-06,3.577043196158262e-06,True,498774.5,0.5964887404080768,0.6224230334692975,False,True
Sentence type: COMPLEX,wp,human_vs_gpt,987,997,0.2457477095079283,0.11668511473316008,0.37759383713731987,0.11722548406154921,0.990801934000115,0.47481669296858936,0.3104539124639307,1.5294273124155093,True,0.6407977411544894,0.42351801081756224,0.5082216129810747,False,194804.5,4.740271770631143e-120,2.844163062378686e-119,True,False
Sentence type: COMPOUND,wp,human_vs_gpt,987,997,0.10984030855207669,0.07078646461208112,0.12902161717626293,0.0838476125668059,0.7127201578193246,0.6444488871634984,0.6498725903602453,0.9916542053362485,False,13.718225530225427,0.00021819564272089397,0.0004553648195914309,True,424935.0,1.4447898321570776e-07,2.1015124831375674e-07,True,False
Sentence type: COMPLEX-COMPOUND,wp,human_vs_gpt,987,997,0.09884246946210788,0.09023060591645829,0.058968284987266806,0.054049563689471274,2.786912686193067,0.912872841072116,0.9165870043726446,0.9959478333395412,True,76.1203976432415,5.5458973818741765e-18,2.2183589527496706e-17,True,629543.0,3.1260316430477557e-27,5.7711353410112414e-27,True,False
Sentence type: OTHER,wp,human_vs_gpt,987,997,0.1407461349373062,0.10034435063826189,0.026483047502491176,0.05128602105080464,3.8281402557108044,0.7129456924906618,1.9365603994774516,0.3681505067866916,True,340.4253270100258,2.821384489143075e-70,1.3542645547886761e-68,True,861145.5,5.19979137691498e-192,2.4958998609191904e-190,True,False
Sentence structure: LOOSE,wp,human_vs_gpt,987,997,0.29785591427558633,0.1054328058616062,0.45869963296921057,0.11807411929197316,0.7973373330218892,0.35397251089684995,0.2574105379759453,1.375128282160415,True,10.517585777443514,0.0012020873990551831,0.0021370442649869923,True,147612.0,1.649402281753562e-160,2.6390436508056994e-159,True,False
Sentence structure: PERIODIC,wp,human_vs_gpt,987,997,0.2886540531393781,0.13541835145979078,0.3395464371629597,0.11282166021440358,1.4406884437531466,0.4691371903044207,0.3322716655697279,1.4119085041452963,False,17.803747148391867,2.559496115214788e-05,6.825322973906101e-05,True,350550.0,1.416356103644813e-28,2.719403718998041e-28,True,False
Sentence structure: OTHER,wp,human_vs_gpt,987,997,0.4134900325850355,0.159776060821404,0.20175392986782975,0.09946341385886293,2.580457417178163,0.3864084941117548,0.49299368752827777,0.7838000848430553,True,177.15040032684894,8.897265509854865e-39,1.0676718611825839e-37,True,853970.0,4.670947698665752e-177,1.1210274476797804e-175,True,False
Sentence type: SIMPLE,wp,human_vs_claude,987,992,0.40482337754058095,0.13773780951049647,0.5242933886870823,0.12094743578401437,1.2969194796688475,0.3402417378840458,0.2306865552641944,1.4749092659274532,False,14.601673090945871,0.00013689942060861367,0.000298689644964248,True,247621.5,8.661710531684561e-81,2.9697293251489924e-80,True,False
Sentence type: COMPLEX,wp,human_vs_claude,987,992,0.2457477095079283,0.11668511473316008,0.2729031288331016,0.11513594680125325,1.0270912793983253,0.47481669296858936,0.4218930991870985,1.1254431368597015,False,0.3981539448934535,0.5281171183300504,0.6182834556059127,False,419392.0,3.3879537678556874e-08,5.081930651783531e-08,True,False
Sentence type: COMPOUND,wp,human_vs_claude,987,992,0.10984030855207669,0.07078646461208112,0.09066958144381614,0.05975761986568074,1.4031815382086987,0.6444488871634984,0.6590702076055116,0.9778152308004721,True,12.360861492354044,0.000448307125459883,0.000896614250919766,True,568758.0,4.5505329478835027e-10,7.045986499948649e-10,True,False
Sentence type: COMPLEX-COMPOUND,wp,human_vs_claude,987,992,0.09884246946210788,0.09023060591645829,0.03521058913096202,0.0390484440113942,5.339496198066675,0.912872841072116,1.1089971788361077,0.8231516350926842,True,205.57459237117396,1.9789653602725794e-44,4.749516864654191e-43,True,747054.0,2.021234181882926e-92,8.819930975489133e-92,True,False
Sentence type: OTHER,wp,human_vs_claude,987,992,0.1407461349373062,0.10034435063826189,0.07692331190503791,0.06650874348993124,2.2762940730786108,0.7129456924906618,0.8646110241851848,0.8245854754888726,True,92.85296723715122,1.6588267977145446e-21,8.847076254477571e-21,True,691161.0,8.060941283222672e-57,2.1495843421927124e-56,True,False
Sentence structure: LOOSE,wp,human_vs_claude,987,992,0.29785591427558633,0.1054328058616062,0.3844072762631045,0.11603663259252268,0.8255840518753584,0.35397251089684995,0.3018585748962315,1.1726435501079715,True,9.097081179301844,0.002592805230532273,0.004291539691915486,True,281095.0,1.8678808719334568e-60,5.274016579576818e-60,True,False
Sentence structure: PERIODIC,wp,human_vs_claude,987,992,0.2886540531393781,0.13541835145979078,0.21485700175576464,0.0898040463332762,2.2738574478625866,0.4691371903044207,0.4179712348185867,1.1224150162104856,False,91.38683925957531,3.3668490983871324e-21,1.6160875672258236e-20,True,660117.5,4.62370516544252e-41,1.0568468949582903e-40,True,False
Sentence structure: OTHER,wp,human_vs_claude,987,992,0.4134900325850355,0.159776060821404,0.4007357219811309,0.13260451770268863,1.4517999556420595,0.3864084941117548,0.33090266334911983,1.1677406588416406,False,22.964754298748772,1.7729192240874336e-06,5.00588957389393e-06,True,517824.5,0.026122144574093415,0.02994739453337705,True,False
