composition,domain,comparison,n_human,n_ai,mean_dist_human,mean_dist_ai,median_dist_human,median_dist_ai,dist_ratio,mean_distsq_human,mean_distsq_ai,distsq_ratio,U_stat,p_value,p_value_fdr,significant
sentence_type,essay,human_vs_gpt,987,998,1.0155308403948646,0.9815564239277329,0.9526134846028292,0.9458868466515056,1.0346128002822108,1.2614897141924684,1.118080935247932,1.1282633255102734,500840.0,0.514311958210663,0.5610675907752688,False
sentence_type,essay,human_vs_claude,987,1000,1.0155308403948646,0.948044787342702,0.9526134846028292,0.8705139551426923,1.0711844566345023,1.2614897141924684,1.0576472743169583,1.1927319672876329,527714.0,0.0074595246462714464,0.01790285915105147,True
sentence_type,reuter,human_vs_gpt,992,996,1.0597280991510083,0.9966200118774406,1.0057851029849325,0.9755551909507454,1.0633221152710792,1.3581083993939824,1.1687247892332338,1.1620429479253176,524816.0,0.016095070525534085,0.03219014105106817,True
sentence_type,reuter,human_vs_claude,992,1000,1.0597280991510083,0.9360021594410174,1.0057851029849325,0.9034759220694846,1.13218552805891,1.3581083993939824,1.008195567506463,1.3470684093096612,562050.0,2.6641872851690187e-07,3.1970247422028227e-06,True
sentence_type,wp,human_vs_gpt,987,997,1.0146747487774013,0.9150382648224903,0.9250101203170467,0.8705623087292371,1.1088877785610851,1.298657070493313,1.010322529887485,1.2853886081684613,532873.0,0.0013645302578501322,0.004874415192311861,True
sentence_type,wp,human_vs_claude,987,992,1.0146747487774013,0.933335326891793,0.9250101203170467,0.8922366844452837,1.0871491944449225,1.298657070493313,1.0375008291194185,1.2517166579958798,519150.0,0.019879194255777954,0.034078618724190775,True
sentence_structure,essay,human_vs_gpt,987,998,0.775783583602761,0.7567979177207081,0.6855024819803677,0.6924055285340276,1.0250868368391302,0.8066228186462193,0.7843733635283966,1.0283658983748971,505594.0,0.3056106472676642,0.36673277672119703,False
sentence_structure,essay,human_vs_claude,987,1000,0.775783583602761,0.7596572875133386,0.6855024819803677,0.6655540375823982,1.0212283833177065,0.8066228186462193,0.8032029782829583,1.0042577535887276,509893.0,0.19986205519697253,0.26648274026263,False
sentence_structure,reuter,human_vs_gpt,992,999,0.7319971996659499,0.7471515616163019,0.6807624736624596,0.6715061891382387,0.9797171514738338,0.7087514635254737,0.7550681808109261,0.9386588940409205,491968.0,0.7828166611686751,0.7828166611686751,False
sentence_structure,reuter,human_vs_claude,992,1002,0.7319971996659499,0.7124790882962196,0.6807624736624596,0.6271598056213881,1.0273946445451538,0.7087514635254737,0.6798924746151536,1.0424464014352497,514727.0,0.1677140224608762,0.2515710336913143,False
sentence_structure,wp,human_vs_gpt,987,997,0.6556274289984316,0.5700912427444061,0.5373721701001348,0.4877576284786281,1.1500394670899632,0.6473358050787291,0.4635112429736766,1.396591376998146,534542.0,0.0008595602530802023,0.004874415192311861,True
sentence_structure,wp,human_vs_claude,987,992,0.6556274289984316,0.569577296774595,0.5373721701001348,0.4873959766796672,1.1510771807639133,0.6473358050787291,0.46004025203927174,1.407128620178803,529608.0,0.0016248050641039535,0.004874415192311861,True
