composition,domain,comparison,n_human,n_ai,mean_entropy_human,mean_entropy_ai,median_entropy_human,median_entropy_ai,entropy_ratio,U_stat,p_value,p_value_fdr,significant
sentence_type,essay,human_vs_gpt,987,998,1.0230364074322755,0.9186420359118065,1.0347715231823842,0.9116150965276372,1.113639880867036,638806.0,2.1501723812970843e-30,6.450517143891254e-30,True
sentence_type,essay,human_vs_claude,987,1000,1.0230364074322755,0.9346714548846279,1.0347715231823842,0.9238837516946952,1.0945411910097917,626694.5,2.0915139513985157e-25,4.183027902797031e-25,True
sentence_type,reuter,human_vs_gpt,992,996,1.2470320552932006,1.027392292598173,1.274088220538676,1.040895659354299,1.2137837360445642,806216.5,1.8796634527047549e-131,2.255596143245706e-130,True
sentence_type,reuter,human_vs_claude,992,1000,1.2470320552932006,1.0561712863373824,1.274088220538676,1.0680647528693494,1.1807100528340342,787191.5,6.144776877112325e-114,3.6868661262673954e-113,True
sentence_type,wp,human_vs_gpt,987,997,1.1557242078945607,1.1437855399902417,1.1808898790247633,1.1618147528693494,1.0104378552507498,529735.0,0.003115600899687838,0.0046734013495317575,True
sentence_type,wp,human_vs_claude,987,992,1.1557242078945607,1.000399745888127,1.1808898790247633,1.0115870022913325,1.1552623965018511,728360.0,9.382821359362115e-79,3.753128543744846e-78,True
sentence_structure,essay,human_vs_gpt,987,998,0.988981563056577,1.0024448300943214,1.0205184785629833,1.0280804995189547,0.9865695680863777,481046.5,0.3691709666690113,0.4027319636389214,False
sentence_structure,essay,human_vs_claude,987,1000,0.988981563056577,0.9907803749494076,1.0205184785629833,1.024939256575515,0.9981844494114829,492897.0,0.9624196300662917,0.9624196300662917,False
sentence_structure,reuter,human_vs_gpt,992,999,1.0063945282558526,0.9342252818067623,1.046559574419448,0.9635906220336208,1.077250367608889,641026.5,7.77637100289019e-30,1.8663290406936453e-29,True
sentence_structure,reuter,human_vs_claude,992,1002,1.0063945282558526,0.992394399505389,1.046559574419448,1.0251125112853245,1.014107424182806,520407.0,0.06853851275448393,0.08224621530538072,False
sentence_structure,wp,human_vs_gpt,987,997,1.0345185547135332,1.0285951404794222,1.0674460361822382,1.046313083244053,1.005758742192142,546219.5,2.155423469382357e-05,3.695011661798326e-05,True
sentence_structure,wp,human_vs_claude,987,992,1.0345185547135332,1.0372369734487294,1.0674460361822382,1.059137173247866,0.9973791729327217,519284.5,0.019324900726721706,0.02576653430229561,True
